<?xml version="1.0" encoding="UTF-8"?>
<beans xmlns="http://www.springframework.org/schema/beans"
	xmlns:xsi="http://www.w3.org/2001/XMLSchema-instance"
	xsi:schemaLocation="http://www.springframework.org/schema/beans
       http://www.springframework.org/schema/beans/spring-beans.xsd">

	<bean id="dataSource" class="org.apache.commons.dbcp.BasicDataSource">
		<property name="driverClassName" value="com.mysql.jdbc.Driver" />
		<property name="url" value="jdbc:mysql://localhost:3306/user" />
		<property name="username" value="root" />
		<property name="password" value="123456" />
	</bean>

	<bean id="jdbcTemplate" class="org.springframework.jdbc.core.JdbcTemplate">
		<property name="dataSource" ref="dataSource"></property>
	</bean>

	<bean id="userDao" class="com.zhiyou.dao.impl.UserDaoImpl">
		<property name="jdbcTemplate" ref="jdbcTemplate" />
	</bean>

	<bean id="userService" class="com.zhiyou.service.impl.UserServiceImpl">
		<property name="userDao" ref="userDao" />
	</bean>
</beans>